DELETE FROM dbo.pBatchQueue WHERE  BatchQueueID IN ( 
	'90000000-0000-0000-0000-000000000010',
	'90000000-0000-0000-0000-000000000011',
	'90000000-0000-0000-0000-000000000012',
	'90000000-0000-0000-0000-000000000013',
	'90000000-0000-0000-0000-000000000014'
)

INSERT INTO [dbo].[pBatchQueue] ([BatchQueueID], [BatchQueueTypeID], [BatchQueueName], [BatchQueueDesc], [BatchQueueUrl], [BatchQueueIcon], [CUser], [CDate], [MUser], [MDate], [BatchQueuePageHistoryUrl]) VALUES ('90000000-0000-0000-0000-000000000010', 'f459c2f2-657a-e011-9848-005056c00008', N'Mass Add Material Group', 'Batch Queue Mass Add Material Group to Styles', 'BatchQ_Page.aspx', 'icon_tables_stacks.gif', NULL, NULL, NULL, NULL, N'BatchQ_MaterialGroup_Review.aspx')
INSERT INTO [dbo].[pBatchQueue] ([BatchQueueID], [BatchQueueTypeID], [BatchQueueName], [BatchQueueDesc], [BatchQueueUrl], [BatchQueueIcon], [CUser], [CDate], [MUser], [MDate], [BatchQueuePageHistoryUrl]) VALUES ('90000000-0000-0000-0000-000000000011', 'f459c2f2-657a-e011-9848-005056c00008', N'Add Colorways to Styles', 'Batch Queue: Add Colorways to Multiple Styles', 'BatchQ_Page.aspx', 'icon_tables_stacks.gif', NULL, NULL, NULL, NULL, N'BatchQ_StyleMaterialColorway_Review.aspx')
INSERT INTO [dbo].[pBatchQueue] ([BatchQueueID], [BatchQueueTypeID], [BatchQueueName], [BatchQueueDesc], [BatchQueueUrl], [BatchQueueIcon], [CUser], [CDate], [MUser], [MDate], [BatchQueuePageHistoryUrl]) VALUES ('90000000-0000-0000-0000-000000000012', 'f459c2f2-657a-e011-9848-005056c00008', N'Material Find & Replace', 'Batch Queue: Replace Material on Multiple Styles', 'BatchQ_Page.aspx', 'icon_tables_stacks.gif', NULL, NULL, NULL, NULL, N'BatchQ_Final_MaterialReplace.aspx')
INSERT INTO [dbo].[pBatchQueue] ([BatchQueueID], [BatchQueueTypeID], [BatchQueueName], [BatchQueueDesc], [BatchQueueUrl], [BatchQueueIcon], [CUser], [CDate], [MUser], [MDate], [BatchQueuePageHistoryUrl]) VALUES ('90000000-0000-0000-0000-000000000013', 'f459c2f2-657a-e011-9848-005056c00008', N'Material Color Pitching to Style', 'Material Color Pitching to Style', 'BatchQ_Page.aspx', 'icon_tables_stacks.gif', NULL, NULL, NULL, NULL, N'BatchQ_AddMaterial_Review.aspx')
INSERT INTO [dbo].[pBatchQueue] ([BatchQueueID], [BatchQueueTypeID], [BatchQueueName], [BatchQueueDesc], [BatchQueueUrl], [BatchQueueIcon], [CUser], [CDate], [MUser], [MDate], [BatchQueuePageHistoryUrl]) VALUES ('90000000-0000-0000-0000-000000000014', 'f459c2f2-657a-e011-9848-005056c00008', N'Add Image to Multiple Styles', 'Add Image to Multiple Styles', 'BatchQ_Page.aspx', 'icon_tables_stacks.gif', NULL, NULL, NULL, NULL, N'BatchQ_ImageReview.aspx')

DELETE FROM pBatchQueuePageType WHERE BatchQueuePageTypeID IN ( 
	'74495f03-d78b-e011-81e9-005056c00008',
	'c1c913c0-7d8c-e011-81e9-005056c00008',
	'd1c913c0-7d8c-e011-81e9-005056c00008',
	'451a337e-9fa1-e011-a99a-005056c00008',
	'74495f03-d78b-e011-81e9-005056c00009',
	'c1c913c0-7d8c-e011-81e9-005056c00009',
	'd0c913c0-7d8c-e011-81e9-005056c00009',
	'e1c913c0-7d8c-e011-81e9-005056c00009',
	'd0c913c0-7d8c-e011-81e9-005056c00010',
	'd0c913c0-7d8c-e011-81e9-005056c00011',
	'd0c913c0-7d8c-e011-81e9-005056c00012',
	'44e5e4e3-dd70-e011-9039-8ef3dccb61b1',
	'44e5e4e3-dd70-e011-9039-8ef3dccb61b2',
	'45e5e4e3-dd70-e011-9039-8ef3dccb61b2',
	'54e5e4e3-dd70-e011-9039-8ef3dccb61b2',
	'34e5e4e3-dd70-e011-9039-8ef3dccb61b3',
	'54e5e4e3-dd70-e011-9039-8ef3dccb61b3',
	'44e5e4e3-dd70-e011-9039-8ef3dccb61b4',
	'44e5e4e3-dd70-e011-9039-8ef3dccb61b5',
	'34e5e4e3-dd70-e011-9039-8ef3dccb61b6',
	'1734db07-de70-e011-9039-8ef3dccb61b6',
	'2734db07-de70-e011-9039-8ef3dccb61b6',
	'3734db07-de70-e011-9039-8ef3dccb61b6'
)

INSERT INTO [dbo].[pBatchQueuePageType] ([BatchQueuePageTypeID], [BatchQueuePageTypeName], [BatchQueuePageTypeDesc], [BatchQueuePagePkID], [BatchQueuePageXmlSearch], [BatchQueuePageXmlForm], [BatchQueuePageXmlGrid], [BatchQueuePageXmlSelected], [BatchQueuePageUrl], [BatchQueuePageRecType], [BatchQueuePageRecMax], [BatchQueuePageSPX], [BatchQueueExecuteSPX], [CUser], [CDate], [MUser], [MDate], [BatchQueueLogicInsertSPX], [BatchQueuepageXMLGridAlternating], [BatchQueueGridAlternatingName], [BatchQueueGridXMLThumbnail], [BatchQueuePageXmlColorGrid]) VALUES ('74495f03-d78b-e011-81e9-005056c00008', N'Select Material Group', N'Please select material group', 'MaterialCoreID', 'BatchQ_Material_Group_Search.xml', NULL, 'BatchQ_Material_Group_Default.xml', 'BatchQ_Material_Group_Selected.xml', 'BatchQ_Grid.aspx', 'S', 1, 'spx_BatchQGrid_SELECT', NULL, NULL, NULL, NULL, NULL, NULL, NULL, NULL, NULL, NULL)
INSERT INTO [dbo].[pBatchQueuePageType] ([BatchQueuePageTypeID], [BatchQueuePageTypeName], [BatchQueuePageTypeDesc], [BatchQueuePagePkID], [BatchQueuePageXmlSearch], [BatchQueuePageXmlForm], [BatchQueuePageXmlGrid], [BatchQueuePageXmlSelected], [BatchQueuePageUrl], [BatchQueuePageRecType], [BatchQueuePageRecMax], [BatchQueuePageSPX], [BatchQueueExecuteSPX], [CUser], [CDate], [MUser], [MDate], [BatchQueueLogicInsertSPX], [BatchQueuepageXMLGridAlternating], [BatchQueueGridAlternatingName], [BatchQueueGridXMLThumbnail], [BatchQueuePageXmlColorGrid]) VALUES ('c1c913c0-7d8c-e011-81e9-005056c00008', N'Batch Queue Styles', N'Batch Queue Styles', 'MaterialCoreID', NULL, 'BatchQ_Material_Group_Default.xml', 'BatchQ_StyleMaterialGroup_Default.xml', NULL, 'BatchQ_MaterialGroup_Review.aspx', 'S', 0, 'spx_BatchQGrid_StyleMaterialGroup_Review_SELECT', N'spx_BatchQJob_StyleMaterialGroup_EXECUTE', NULL, NULL, NULL, NULL, NULL, NULL, NULL, NULL, NULL)
INSERT INTO [dbo].[pBatchQueuePageType] ([BatchQueuePageTypeID], [BatchQueuePageTypeName], [BatchQueuePageTypeDesc], [BatchQueuePagePkID], [BatchQueuePageXmlSearch], [BatchQueuePageXmlForm], [BatchQueuePageXmlGrid], [BatchQueuePageXmlSelected], [BatchQueuePageUrl], [BatchQueuePageRecType], [BatchQueuePageRecMax], [BatchQueuePageSPX], [BatchQueueExecuteSPX], [CUser], [CDate], [MUser], [MDate], [BatchQueueLogicInsertSPX], [BatchQueuepageXMLGridAlternating], [BatchQueueGridAlternatingName], [BatchQueueGridXMLThumbnail], [BatchQueuePageXmlColorGrid]) VALUES ('d1c913c0-7d8c-e011-81e9-005056c00008', N'Batch Queue Material', N'Batch Queue Material to Style', 'StylelID', NULL, NULL, 'BatchQ_StyleSeasonal_Default.xml', NULL, 'BatchQ_Final_MaterialToStyle.aspx', 'M', 0, '', NULL, NULL, NULL, NULL, NULL, NULL, NULL, NULL, NULL, NULL)
INSERT INTO [dbo].[pBatchQueuePageType] ([BatchQueuePageTypeID], [BatchQueuePageTypeName], [BatchQueuePageTypeDesc], [BatchQueuePagePkID], [BatchQueuePageXmlSearch], [BatchQueuePageXmlForm], [BatchQueuePageXmlGrid], [BatchQueuePageXmlSelected], [BatchQueuePageUrl], [BatchQueuePageRecType], [BatchQueuePageRecMax], [BatchQueuePageSPX], [BatchQueueExecuteSPX], [CUser], [CDate], [MUser], [MDate], [BatchQueueLogicInsertSPX], [BatchQueuepageXMLGridAlternating], [BatchQueueGridAlternatingName], [BatchQueueGridXMLThumbnail], [BatchQueuePageXmlColorGrid]) VALUES ('451a337e-9fa1-e011-a99a-005056c00008', N'Select Style Pages', N'Please select style pages', 'WorkflowID', 'BatchQ_StyleWorkflow_Search.xml', NULL, 'BatchQ_StyleWorkflow_Default.xml', 'BatchQ_StyleWorkflow_Selected.xml', 'BatchQ_Grid.aspx', 'M', 0, 'spx_BatchQGrid_SELECT', NULL, NULL, NULL, NULL, NULL, NULL, NULL, NULL, NULL, NULL)
INSERT INTO [dbo].[pBatchQueuePageType] ([BatchQueuePageTypeID], [BatchQueuePageTypeName], [BatchQueuePageTypeDesc], [BatchQueuePagePkID], [BatchQueuePageXmlSearch], [BatchQueuePageXmlForm], [BatchQueuePageXmlGrid], [BatchQueuePageXmlSelected], [BatchQueuePageUrl], [BatchQueuePageRecType], [BatchQueuePageRecMax], [BatchQueuePageSPX], [BatchQueueExecuteSPX], [CUser], [CDate], [MUser], [MDate], [BatchQueueLogicInsertSPX], [BatchQueuepageXMLGridAlternating], [BatchQueueGridAlternatingName], [BatchQueueGridXMLThumbnail], [BatchQueuePageXmlColorGrid]) VALUES ('74495f03-d78b-e011-81e9-005056c00009', N'Select Material from Group', N'Please select material group', 'MaterialCoreItemID', 'BatchQ_Material_GroupItem_Search.xml', NULL, 'BatchQ_Material_GroupItem_Default.xml', 'BatchQ_Material_GroupItem_Selected.xml', 'BatchQ_Grid.aspx', 'M', 0, 'spx_BatchQGrid_SELECT', NULL, NULL, NULL, NULL, NULL, NULL, NULL, NULL, NULL, NULL)
INSERT INTO [dbo].[pBatchQueuePageType] ([BatchQueuePageTypeID], [BatchQueuePageTypeName], [BatchQueuePageTypeDesc], [BatchQueuePagePkID], [BatchQueuePageXmlSearch], [BatchQueuePageXmlForm], [BatchQueuePageXmlGrid], [BatchQueuePageXmlSelected], [BatchQueuePageUrl], [BatchQueuePageRecType], [BatchQueuePageRecMax], [BatchQueuePageSPX], [BatchQueueExecuteSPX], [CUser], [CDate], [MUser], [MDate], [BatchQueueLogicInsertSPX], [BatchQueuepageXMLGridAlternating], [BatchQueueGridAlternatingName], [BatchQueueGridXMLThumbnail], [BatchQueuePageXmlColorGrid]) VALUES ('c1c913c0-7d8c-e011-81e9-005056c00009', N'Batch Queue Styles', N'Batch Queue Styles', 'StyleColorID', NULL, NULL, 'BatchQ_StyleMaterialColorway_Default.xml', NULL, 'BatchQ_StyleMaterialColorway_Review.aspx', 'S', 0, 'spx_BatchQGrid_StyleMaterialColorway_Review_SELECT', N'spx_BatchQJob_StyleMaterialColorway_EXECUTE', NULL, NULL, NULL, NULL, NULL, NULL, NULL, NULL, NULL)
INSERT INTO [dbo].[pBatchQueuePageType] ([BatchQueuePageTypeID], [BatchQueuePageTypeName], [BatchQueuePageTypeDesc], [BatchQueuePagePkID], [BatchQueuePageXmlSearch], [BatchQueuePageXmlForm], [BatchQueuePageXmlGrid], [BatchQueuePageXmlSelected], [BatchQueuePageUrl], [BatchQueuePageRecType], [BatchQueuePageRecMax], [BatchQueuePageSPX], [BatchQueueExecuteSPX], [CUser], [CDate], [MUser], [MDate], [BatchQueueLogicInsertSPX], [BatchQueuepageXMLGridAlternating], [BatchQueueGridAlternatingName], [BatchQueueGridXMLThumbnail], [BatchQueuePageXmlColorGrid]) VALUES ('d0c913c0-7d8c-e011-81e9-005056c00009', N'Select a single material', N'Please select a single material', 'MaterialID', 'BatchQ_Material_SingleSeasonal_Search.xml', NULL, 'BatchQ_Material_SingleSeasonal_Default.xml', 'BatchQ_Material_SingleSeasonal_Selected.xml', 'BatchQ_Grid.aspx', 'S', 1, 'spx_BatchQGrid_SELECT', NULL, NULL, NULL, NULL, NULL, NULL, NULL, NULL, NULL, NULL)
INSERT INTO [dbo].[pBatchQueuePageType] ([BatchQueuePageTypeID], [BatchQueuePageTypeName], [BatchQueuePageTypeDesc], [BatchQueuePagePkID], [BatchQueuePageXmlSearch], [BatchQueuePageXmlForm], [BatchQueuePageXmlGrid], [BatchQueuePageXmlSelected], [BatchQueuePageUrl], [BatchQueuePageRecType], [BatchQueuePageRecMax], [BatchQueuePageSPX], [BatchQueueExecuteSPX], [CUser], [CDate], [MUser], [MDate], [BatchQueueLogicInsertSPX], [BatchQueuepageXMLGridAlternating], [BatchQueueGridAlternatingName], [BatchQueueGridXMLThumbnail], [BatchQueuePageXmlColorGrid]) VALUES ('e1c913c0-7d8c-e011-81e9-005056c00009', N'Batch Queue Color Pitching', N'Batch Queue Material Color Pitching to Style', 'StyleMaterialID', NULL, 'BatchQ_Material_Default.xml', 'BatchQ_StyleMaterial_ColorPitching_Default.xml', NULL, 'BatchQ_AddMaterial_Review.aspx', 'M', 0, 'spx_BatchQGrid_StyleMaterialColor_Review_SELECT', N'spx_BatchQJob_StyleMaterial_ColorPitching_EXECUTE', NULL, NULL, NULL, NULL, NULL, NULL, NULL, NULL, N'BatchQ_StyleMaterial_ColorPitching.xml')
INSERT INTO [dbo].[pBatchQueuePageType] ([BatchQueuePageTypeID], [BatchQueuePageTypeName], [BatchQueuePageTypeDesc], [BatchQueuePagePkID], [BatchQueuePageXmlSearch], [BatchQueuePageXmlForm], [BatchQueuePageXmlGrid], [BatchQueuePageXmlSelected], [BatchQueuePageUrl], [BatchQueuePageRecType], [BatchQueuePageRecMax], [BatchQueuePageSPX], [BatchQueueExecuteSPX], [CUser], [CDate], [MUser], [MDate], [BatchQueueLogicInsertSPX], [BatchQueuepageXMLGridAlternating], [BatchQueueGridAlternatingName], [BatchQueueGridXMLThumbnail], [BatchQueuePageXmlColorGrid]) VALUES ('d0c913c0-7d8c-e011-81e9-005056c00010', N'Select Material', N'Please select a  material', 'MaterialID', 'BatchQ_Material_SingleSeasonal_Search.xml', NULL, 'BatchQ_Material_SingleSeasonal_Default.xml', 'BatchQ_Material_SingleSeasonal_Selected.xml', 'BatchQ_Grid.aspx', 'S', 1, 'spx_BatchQGrid_SELECT', NULL, NULL, NULL, NULL, NULL, NULL, NULL, NULL, NULL, NULL)
INSERT INTO [dbo].[pBatchQueuePageType] ([BatchQueuePageTypeID], [BatchQueuePageTypeName], [BatchQueuePageTypeDesc], [BatchQueuePagePkID], [BatchQueuePageXmlSearch], [BatchQueuePageXmlForm], [BatchQueuePageXmlGrid], [BatchQueuePageXmlSelected], [BatchQueuePageUrl], [BatchQueuePageRecType], [BatchQueuePageRecMax], [BatchQueuePageSPX], [BatchQueueExecuteSPX], [CUser], [CDate], [MUser], [MDate], [BatchQueueLogicInsertSPX], [BatchQueuepageXMLGridAlternating], [BatchQueueGridAlternatingName], [BatchQueueGridXMLThumbnail], [BatchQueuePageXmlColorGrid]) VALUES ('d0c913c0-7d8c-e011-81e9-005056c00011', N'Material to Replace With', N'Please select material to replace with', 'MaterialID', 'BatchQ_Material_SingleSeasonal_Search.xml', NULL, 'BatchQ_Material_SingleSeasonal_Default.xml', 'BatchQ_Material_SingleSeasonal_Selected.xml', 'BatchQ_Grid.aspx', 'S', 1, 'spx_BatchQGrid_SELECT', NULL, NULL, NULL, NULL, NULL, NULL, NULL, NULL, NULL, NULL)
INSERT INTO [dbo].[pBatchQueuePageType] ([BatchQueuePageTypeID], [BatchQueuePageTypeName], [BatchQueuePageTypeDesc], [BatchQueuePagePkID], [BatchQueuePageXmlSearch], [BatchQueuePageXmlForm], [BatchQueuePageXmlGrid], [BatchQueuePageXmlSelected], [BatchQueuePageUrl], [BatchQueuePageRecType], [BatchQueuePageRecMax], [BatchQueuePageSPX], [BatchQueueExecuteSPX], [CUser], [CDate], [MUser], [MDate], [BatchQueueLogicInsertSPX], [BatchQueuepageXMLGridAlternating], [BatchQueueGridAlternatingName], [BatchQueueGridXMLThumbnail], [BatchQueuePageXmlColorGrid]) VALUES ('d0c913c0-7d8c-e011-81e9-005056c00012', N'Batch Queue Styles', N'Batch Queue Material Replace', 'StyleMaterialID', NULL, 'BatchQ_MaterialReplace_Default.xml', 'BatchQ_StyleMaterialReplace_Default.xml', NULL, 'BatchQ_Final_MaterialReplace.aspx', 'M', 0, 'spx_BatchQGrid_StyleMaterialReplace_Review_SELECT', N'spx_BatchQJob_StyleMaterialReplace_EXECUTE', NULL, NULL, NULL, NULL, NULL, NULL, NULL, NULL, NULL)
INSERT INTO [dbo].[pBatchQueuePageType] ([BatchQueuePageTypeID], [BatchQueuePageTypeName], [BatchQueuePageTypeDesc], [BatchQueuePagePkID], [BatchQueuePageXmlSearch], [BatchQueuePageXmlForm], [BatchQueuePageXmlGrid], [BatchQueuePageXmlSelected], [BatchQueuePageUrl], [BatchQueuePageRecType], [BatchQueuePageRecMax], [BatchQueuePageSPX], [BatchQueueExecuteSPX], [CUser], [CDate], [MUser], [MDate], [BatchQueueLogicInsertSPX], [BatchQueuepageXMLGridAlternating], [BatchQueueGridAlternatingName], [BatchQueueGridXMLThumbnail], [BatchQueuePageXmlColorGrid]) VALUES ('44e5e4e3-dd70-e011-9039-8ef3dccb61b1', N'Select Raw Materials', N'Please select raw materials', 'MaterialID', 'BatchQ_Material_Seasonal_Search.xml', NULL, 'BatchQ_Material_Seasonal_Default.xml', 'BatchQ_Material_Seasonal_Selected.xml', 'BatchQ_Grid.aspx', 'M', 5, 'spx_BatchQGrid_SELECT', NULL, NULL, NULL, NULL, NULL, NULL, NULL, NULL, NULL, NULL)
INSERT INTO [dbo].[pBatchQueuePageType] ([BatchQueuePageTypeID], [BatchQueuePageTypeName], [BatchQueuePageTypeDesc], [BatchQueuePagePkID], [BatchQueuePageXmlSearch], [BatchQueuePageXmlForm], [BatchQueuePageXmlGrid], [BatchQueuePageXmlSelected], [BatchQueuePageUrl], [BatchQueuePageRecType], [BatchQueuePageRecMax], [BatchQueuePageSPX], [BatchQueueExecuteSPX], [CUser], [CDate], [MUser], [MDate], [BatchQueueLogicInsertSPX], [BatchQueuepageXMLGridAlternating], [BatchQueueGridAlternatingName], [BatchQueueGridXMLThumbnail], [BatchQueuePageXmlColorGrid]) VALUES ('44e5e4e3-dd70-e011-9039-8ef3dccb61b2', N'Select multiple styles', N'Please select multiple styles with one season', 'StyleID', 'BatchQ_StyleOneSeasonal_Search.xml', NULL, 'BatchQ_StyleOneSeasonal_Default.xml', 'BatchQ_StyleOneSeasonal_Selected.xml', 'BatchQ_Grid.aspx', 'M', 50, 'spx_BatchQGrid_MaterialGroup_Style_SELECT', NULL, NULL, NULL, NULL, NULL, NULL, N'BatchQ_StyleOneSeasonal_Image_Default.xml', N'Thumbnail', N'BatchQ_StyleOneSeasonal_Thumbnail.xml', NULL)
INSERT INTO [dbo].[pBatchQueuePageType] ([BatchQueuePageTypeID], [BatchQueuePageTypeName], [BatchQueuePageTypeDesc], [BatchQueuePagePkID], [BatchQueuePageXmlSearch], [BatchQueuePageXmlForm], [BatchQueuePageXmlGrid], [BatchQueuePageXmlSelected], [BatchQueuePageUrl], [BatchQueuePageRecType], [BatchQueuePageRecMax], [BatchQueuePageSPX], [BatchQueueExecuteSPX], [CUser], [CDate], [MUser], [MDate], [BatchQueueLogicInsertSPX], [BatchQueuepageXMLGridAlternating], [BatchQueueGridAlternatingName], [BatchQueueGridXMLThumbnail], [BatchQueuePageXmlColorGrid]) VALUES ('45e5e4e3-dd70-e011-9039-8ef3dccb61b2', N'Select multiple styles', N'Please select multiple styles with one season', 'StyleID', 'BatchQ_StyleOneSeasonal_Search.xml', NULL, 'BatchQ_StyleOneSeasonal_Default.xml', 'BatchQ_StyleOneSeasonal_Selected.xml', 'BatchQ_Grid.aspx', 'M', 50, 'spx_BatchQGrid_StyleMaterialColor_SELECT', NULL, NULL, NULL, NULL, NULL, NULL, NULL, NULL, NULL, NULL)
INSERT INTO [dbo].[pBatchQueuePageType] ([BatchQueuePageTypeID], [BatchQueuePageTypeName], [BatchQueuePageTypeDesc], [BatchQueuePagePkID], [BatchQueuePageXmlSearch], [BatchQueuePageXmlForm], [BatchQueuePageXmlGrid], [BatchQueuePageXmlSelected], [BatchQueuePageUrl], [BatchQueuePageRecType], [BatchQueuePageRecMax], [BatchQueuePageSPX], [BatchQueueExecuteSPX], [CUser], [CDate], [MUser], [MDate], [BatchQueueLogicInsertSPX], [BatchQueuepageXMLGridAlternating], [BatchQueueGridAlternatingName], [BatchQueueGridXMLThumbnail], [BatchQueuePageXmlColorGrid]) VALUES ('54e5e4e3-dd70-e011-9039-8ef3dccb61b2', N'Select multiple styles', N'Please select multiple styles ', 'StyleID', 'BatchQ_StyleSeasonal_Search.xml', NULL, 'BatchQ_StyleSeasonal_Default.xml', 'BatchQ_StyleSeasonal_Selected.xml', 'BatchQ_Grid.aspx', 'M', 50, 'spx_BatchQGrid_SELECT', NULL, NULL, NULL, NULL, NULL, NULL, NULL, NULL, NULL, NULL)
INSERT INTO [dbo].[pBatchQueuePageType] ([BatchQueuePageTypeID], [BatchQueuePageTypeName], [BatchQueuePageTypeDesc], [BatchQueuePagePkID], [BatchQueuePageXmlSearch], [BatchQueuePageXmlForm], [BatchQueuePageXmlGrid], [BatchQueuePageXmlSelected], [BatchQueuePageUrl], [BatchQueuePageRecType], [BatchQueuePageRecMax], [BatchQueuePageSPX], [BatchQueueExecuteSPX], [CUser], [CDate], [MUser], [MDate], [BatchQueueLogicInsertSPX], [BatchQueuepageXMLGridAlternating], [BatchQueueGridAlternatingName], [BatchQueueGridXMLThumbnail], [BatchQueuePageXmlColorGrid]) VALUES ('34e5e4e3-dd70-e011-9039-8ef3dccb61b3', N'Select Styles', N'Please select multiple styles ', 'StyleID', 'BatchQ_StyleSeasonal_Search.xml', NULL, 'BatchQ_StyleSeasonal_Default.xml', 'BatchQ_StyleMultiSeasonal_Selected.xml', 'BatchQ_Grid.aspx', 'M', 10, 'spx_BatchQGrid_StyleImage_SELECT', NULL, NULL, NULL, NULL, NULL, NULL, N'BatchQ_StyleOneSeasonal_Image_Default.xml', N'Thumbnail', N'BatchQ_StyleMultiSeasonal_Thumbnail.xml', NULL)
INSERT INTO [dbo].[pBatchQueuePageType] ([BatchQueuePageTypeID], [BatchQueuePageTypeName], [BatchQueuePageTypeDesc], [BatchQueuePagePkID], [BatchQueuePageXmlSearch], [BatchQueuePageXmlForm], [BatchQueuePageXmlGrid], [BatchQueuePageXmlSelected], [BatchQueuePageUrl], [BatchQueuePageRecType], [BatchQueuePageRecMax], [BatchQueuePageSPX], [BatchQueueExecuteSPX], [CUser], [CDate], [MUser], [MDate], [BatchQueueLogicInsertSPX], [BatchQueuepageXMLGridAlternating], [BatchQueueGridAlternatingName], [BatchQueueGridXMLThumbnail], [BatchQueuePageXmlColorGrid]) VALUES ('54e5e4e3-dd70-e011-9039-8ef3dccb61b3', N'Select multiple styles', N'Please select multiple styles ', 'StyleID', 'BatchQ_StyleOneSeasonal_Search.xml', NULL, 'BatchQ_StyleOneSeasonal_Default.xml', 'BatchQ_StyleOneSeasonal_Selected.xml', 'BatchQ_Grid.aspx', 'M', 50, 'spx_BatchQGrid_MaterialReplace_Style_SELECT', NULL, NULL, NULL, NULL, NULL, NULL, N'BatchQ_StyleOneSeasonal_Image_Default.xml', N'Thumbnail', N'BatchQ_StyleOneSeasonal_Thumbnail.xml', NULL)
INSERT INTO [dbo].[pBatchQueuePageType] ([BatchQueuePageTypeID], [BatchQueuePageTypeName], [BatchQueuePageTypeDesc], [BatchQueuePagePkID], [BatchQueuePageXmlSearch], [BatchQueuePageXmlForm], [BatchQueuePageXmlGrid], [BatchQueuePageXmlSelected], [BatchQueuePageUrl], [BatchQueuePageRecType], [BatchQueuePageRecMax], [BatchQueuePageSPX], [BatchQueueExecuteSPX], [CUser], [CDate], [MUser], [MDate], [BatchQueueLogicInsertSPX], [BatchQueuepageXMLGridAlternating], [BatchQueueGridAlternatingName], [BatchQueueGridXMLThumbnail], [BatchQueuePageXmlColorGrid]) VALUES ('44e5e4e3-dd70-e011-9039-8ef3dccb61b4', N'Select multiple styles', N'Please select multiple styles with one season', 'StyleID', 'BatchQ_StyleColorwaySeasonal_Search.xml', NULL, 'BatchQ_StyleColorwaySeasonal_Default.xml', 'BatchQ_StyleColorwaySeasonal_Selected.xml', 'BatchQ_Grid.aspx', 'M', 5, 'spx_BatchQGrid_StyleColorway_SELECT', NULL, NULL, NULL, NULL, NULL, NULL, NULL, NULL, NULL, NULL)
INSERT INTO [dbo].[pBatchQueuePageType] ([BatchQueuePageTypeID], [BatchQueuePageTypeName], [BatchQueuePageTypeDesc], [BatchQueuePagePkID], [BatchQueuePageXmlSearch], [BatchQueuePageXmlForm], [BatchQueuePageXmlGrid], [BatchQueuePageXmlSelected], [BatchQueuePageUrl], [BatchQueuePageRecType], [BatchQueuePageRecMax], [BatchQueuePageSPX], [BatchQueueExecuteSPX], [CUser], [CDate], [MUser], [MDate], [BatchQueueLogicInsertSPX], [BatchQueuepageXMLGridAlternating], [BatchQueueGridAlternatingName], [BatchQueueGridXMLThumbnail], [BatchQueuePageXmlColorGrid]) VALUES ('44e5e4e3-dd70-e011-9039-8ef3dccb61b5', N'Select multiple styles', N'Please select multiple styles with one season', 'StyleID', 'BatchQ_StyleOneSeasonal_Search.xml', NULL, 'BatchQ_StyleOneSeasonal_Default.xml', 'BatchQ_StyleOneSeasonal_Selected.xml', 'BatchQ_Grid.aspx', 'M', 50, 'spx_BatchQGrid_MaterialColorPitching_Style_SELECT', NULL, NULL, NULL, NULL, NULL, NULL, N'BatchQ_StyleOneSeasonal_Image_Default.xml', N'Thumbnail', N'BatchQ_StyleOneSeasonal_Thumbnail.xml', NULL)
INSERT INTO [dbo].[pBatchQueuePageType] ([BatchQueuePageTypeID], [BatchQueuePageTypeName], [BatchQueuePageTypeDesc], [BatchQueuePagePkID], [BatchQueuePageXmlSearch], [BatchQueuePageXmlForm], [BatchQueuePageXmlGrid], [BatchQueuePageXmlSelected], [BatchQueuePageUrl], [BatchQueuePageRecType], [BatchQueuePageRecMax], [BatchQueuePageSPX], [BatchQueueExecuteSPX], [CUser], [CDate], [MUser], [MDate], [BatchQueueLogicInsertSPX], [BatchQueuepageXMLGridAlternating], [BatchQueueGridAlternatingName], [BatchQueueGridXMLThumbnail], [BatchQueuePageXmlColorGrid]) VALUES ('34e5e4e3-dd70-e011-9039-8ef3dccb61b6', N'Select a colour palette', N'Please select a color palette', 'ColorFolderID', 'BatchQ_ColorFolder_Search.xml', NULL, 'BatchQ_ColorFolder_Default.xml', 'BatchQ_ColorFolder_Selected.xml', 'BatchQ_Grid.aspx', 'M', 0, 'spx_BatchQGrid_SELECT', NULL, NULL, NULL, NULL, NULL, NULL, NULL, NULL, NULL, NULL)
INSERT INTO [dbo].[pBatchQueuePageType] ([BatchQueuePageTypeID], [BatchQueuePageTypeName], [BatchQueuePageTypeDesc], [BatchQueuePagePkID], [BatchQueuePageXmlSearch], [BatchQueuePageXmlForm], [BatchQueuePageXmlGrid], [BatchQueuePageXmlSelected], [BatchQueuePageUrl], [BatchQueuePageRecType], [BatchQueuePageRecMax], [BatchQueuePageSPX], [BatchQueueExecuteSPX], [CUser], [CDate], [MUser], [MDate], [BatchQueueLogicInsertSPX], [BatchQueuepageXMLGridAlternating], [BatchQueueGridAlternatingName], [BatchQueueGridXMLThumbnail], [BatchQueuePageXmlColorGrid]) VALUES ('1734db07-de70-e011-9039-8ef3dccb61b6', N'Select colours', N'Please select colours', 'ColorPaletteID', 'BatchQ_Color_Palette_Search.xml', NULL, 'BatchQ_Color_Palette_Default.xml', 'BatchQ_Color_Palette_Selected.XML', 'BatchQ_Grid.aspx', 'M', 5, 'spx_BatchQGrid_SELECT', NULL, NULL, NULL, NULL, NULL, NULL, NULL, NULL, NULL, NULL)
INSERT INTO [dbo].[pBatchQueuePageType] ([BatchQueuePageTypeID], [BatchQueuePageTypeName], [BatchQueuePageTypeDesc], [BatchQueuePagePkID], [BatchQueuePageXmlSearch], [BatchQueuePageXmlForm], [BatchQueuePageXmlGrid], [BatchQueuePageXmlSelected], [BatchQueuePageUrl], [BatchQueuePageRecType], [BatchQueuePageRecMax], [BatchQueuePageSPX], [BatchQueueExecuteSPX], [CUser], [CDate], [MUser], [MDate], [BatchQueueLogicInsertSPX], [BatchQueuepageXMLGridAlternating], [BatchQueueGridAlternatingName], [BatchQueueGridXMLThumbnail], [BatchQueuePageXmlColorGrid]) VALUES ('2734db07-de70-e011-9039-8ef3dccb61b6', N'Select an image', N'Please select a single image', 'ImageID', 'BatchQ_Image_Search.xml', NULL, 'BatchQ_Image_Default.xml', 'BatchQ_Image_Selected.xml', 'BatchQ_ImageSearch.aspx', 'S', 1, 'spx_BatchQGrid_SELECT', NULL, NULL, NULL, NULL, NULL, NULL, NULL, NULL, N'BatchQ_Image_Thumbnail.xml', NULL)
INSERT INTO [dbo].[pBatchQueuePageType] ([BatchQueuePageTypeID], [BatchQueuePageTypeName], [BatchQueuePageTypeDesc], [BatchQueuePagePkID], [BatchQueuePageXmlSearch], [BatchQueuePageXmlForm], [BatchQueuePageXmlGrid], [BatchQueuePageXmlSelected], [BatchQueuePageUrl], [BatchQueuePageRecType], [BatchQueuePageRecMax], [BatchQueuePageSPX], [BatchQueueExecuteSPX], [CUser], [CDate], [MUser], [MDate], [BatchQueueLogicInsertSPX], [BatchQueuepageXMLGridAlternating], [BatchQueueGridAlternatingName], [BatchQueueGridXMLThumbnail], [BatchQueuePageXmlColorGrid]) VALUES ('3734db07-de70-e011-9039-8ef3dccb61b6', N'Batch Queue Add Image', N'Batch Queue Add Image', 'StyleMaterialID', NULL, NULL, NULL, NULL, 'BatchQ_ImageReview.aspx', 'M', 0, 'spx_BatchQGrid_Image_SELECT', N'spx_BatchQJob_StyleImage_EXECUTE_QUEUE', NULL, NULL, NULL, NULL, NULL, NULL, NULL, NULL, NULL)


DELETE FROM pBatchQueuePage WHERE BatchQueuePageID IN ( 
	'bf51646e-198e-e011-bcec-000ae414f034',
	'c051646e-198e-e011-bcec-000ae414f034',
	'c151646e-198e-e011-bcec-000ae414f034',
	'c251646e-198e-e011-bcec-000ae414f034',
	'27bc6c74-198e-e011-bcec-000ae414f034',
	'fa18188d-af8b-e011-81e9-005056c00008',
	'6d29e97d-d98b-e011-81e9-005056c00008',
	'7d29e97d-d98b-e011-81e9-005056c00008',
	'd40dc433-588c-e011-81e9-005056c00008',
	'cd7ddba9-708c-e011-81e9-005056c00008',
	'd3df4e47-718c-e011-81e9-005056c00008',
	'1d1ce082-a08c-e011-81e9-005056c00008',
	'cc1ce082-a08c-e011-81e9-005056c00008',
	'cd1ce082-a08c-e011-81e9-005056c00008',
	'fc1ce082-a08c-e011-81e9-005056c00008',
	'34fd56fc-449e-e011-a99a-005056c00008',
	'35fd56fc-449e-e011-a99a-005056c00008',
	'36fd56fc-449e-e011-a99a-005056c00008',
	'37fd56fc-449e-e011-a99a-005056c00008',
	'c0c94ff2-b5a1-e011-a99a-005056c00008',
	'a0142b6d-b7a1-e011-a99a-005056c00008',
	'2e25661b-cda1-e011-a99a-005056c00008',
	'99e0fb34-76a2-e011-a99a-005056c00008'
)
INSERT INTO [dbo].[pBatchQueuePage] ([BatchQueuePageID], [BatchQueuePageTypeID], [BatchQueueID], [BatchQueuePageOrder], [CUser], [CDate], [MUser], [MDate]) VALUES ('bf51646e-198e-e011-bcec-000ae414f034', '99a5e4e3-dd70-e011-9039-8ef3dccb61b6', '90000000-0000-0000-0000-000000000012', '0000', NULL, NULL, NULL, NULL)
INSERT INTO [dbo].[pBatchQueuePage] ([BatchQueuePageID], [BatchQueuePageTypeID], [BatchQueueID], [BatchQueuePageOrder], [CUser], [CDate], [MUser], [MDate]) VALUES ('c051646e-198e-e011-bcec-000ae414f034', 'd0c913c0-7d8c-e011-81e9-005056c00010', '90000000-0000-0000-0000-000000000012', '0001', NULL, NULL, NULL, NULL)
INSERT INTO [dbo].[pBatchQueuePage] ([BatchQueuePageID], [BatchQueuePageTypeID], [BatchQueueID], [BatchQueuePageOrder], [CUser], [CDate], [MUser], [MDate]) VALUES ('c151646e-198e-e011-bcec-000ae414f034', 'd0c913c0-7d8c-e011-81e9-005056c00011', '90000000-0000-0000-0000-000000000012', '0003', NULL, NULL, NULL, NULL)
INSERT INTO [dbo].[pBatchQueuePage] ([BatchQueuePageID], [BatchQueuePageTypeID], [BatchQueueID], [BatchQueuePageOrder], [CUser], [CDate], [MUser], [MDate]) VALUES ('c251646e-198e-e011-bcec-000ae414f034', '54e5e4e3-dd70-e011-9039-8ef3dccb61b3', '90000000-0000-0000-0000-000000000012', '0002', NULL, NULL, NULL, NULL)
INSERT INTO [dbo].[pBatchQueuePage] ([BatchQueuePageID], [BatchQueuePageTypeID], [BatchQueueID], [BatchQueuePageOrder], [CUser], [CDate], [MUser], [MDate]) VALUES ('27bc6c74-198e-e011-bcec-000ae414f034', 'd0c913c0-7d8c-e011-81e9-005056c00012', '90000000-0000-0000-0000-000000000012', '0004', NULL, NULL, NULL, NULL)
INSERT INTO [dbo].[pBatchQueuePage] ([BatchQueuePageID], [BatchQueuePageTypeID], [BatchQueueID], [BatchQueuePageOrder], [CUser], [CDate], [MUser], [MDate]) VALUES ('fa18188d-af8b-e011-81e9-005056c00008', '99a5e4e3-dd70-e011-9039-8ef3dccb61b6', '90000000-0000-0000-0000-000000000010', '0000', NULL, NULL, NULL, NULL)
INSERT INTO [dbo].[pBatchQueuePage] ([BatchQueuePageID], [BatchQueuePageTypeID], [BatchQueueID], [BatchQueuePageOrder], [CUser], [CDate], [MUser], [MDate]) VALUES ('6d29e97d-d98b-e011-81e9-005056c00008', '74495f03-d78b-e011-81e9-005056c00008', '90000000-0000-0000-0000-000000000010', '0001', NULL, NULL, NULL, NULL)
INSERT INTO [dbo].[pBatchQueuePage] ([BatchQueuePageID], [BatchQueuePageTypeID], [BatchQueueID], [BatchQueuePageOrder], [CUser], [CDate], [MUser], [MDate]) VALUES ('7d29e97d-d98b-e011-81e9-005056c00008', '74495f03-d78b-e011-81e9-005056c00009', '90000000-0000-0000-0000-000000000010', '0002', NULL, NULL, NULL, NULL)
INSERT INTO [dbo].[pBatchQueuePage] ([BatchQueuePageID], [BatchQueuePageTypeID], [BatchQueueID], [BatchQueuePageOrder], [CUser], [CDate], [MUser], [MDate]) VALUES ('d40dc433-588c-e011-81e9-005056c00008', '44e5e4e3-dd70-e011-9039-8ef3dccb61b2', '90000000-0000-0000-0000-000000000010', '0003', NULL, NULL, NULL, NULL)
INSERT INTO [dbo].[pBatchQueuePage] ([BatchQueuePageID], [BatchQueuePageTypeID], [BatchQueueID], [BatchQueuePageOrder], [CUser], [CDate], [MUser], [MDate]) VALUES ('cd7ddba9-708c-e011-81e9-005056c00008', '99a5e4e3-dd70-e011-9039-8ef3dccb61b6', '90000000-0000-0000-0000-000000000011', '0000', NULL, NULL, NULL, NULL)
INSERT INTO [dbo].[pBatchQueuePage] ([BatchQueuePageID], [BatchQueuePageTypeID], [BatchQueueID], [BatchQueuePageOrder], [CUser], [CDate], [MUser], [MDate]) VALUES ('d3df4e47-718c-e011-81e9-005056c00008', '44e5e4e3-dd70-e011-9039-8ef3dccb61b4', '90000000-0000-0000-0000-000000000011', '0003', NULL, NULL, NULL, NULL)
INSERT INTO [dbo].[pBatchQueuePage] ([BatchQueuePageID], [BatchQueuePageTypeID], [BatchQueueID], [BatchQueuePageOrder], [CUser], [CDate], [MUser], [MDate]) VALUES ('1d1ce082-a08c-e011-81e9-005056c00008', 'c1c913c0-7d8c-e011-81e9-005056c00008', '90000000-0000-0000-0000-000000000010', '0004', NULL, NULL, NULL, NULL)
INSERT INTO [dbo].[pBatchQueuePage] ([BatchQueuePageID], [BatchQueuePageTypeID], [BatchQueueID], [BatchQueuePageOrder], [CUser], [CDate], [MUser], [MDate]) VALUES ('cc1ce082-a08c-e011-81e9-005056c00008', '34e5e4e3-dd70-e011-9039-8ef3dccb61b6', '90000000-0000-0000-0000-000000000011', '0001', NULL, NULL, NULL, NULL)
INSERT INTO [dbo].[pBatchQueuePage] ([BatchQueuePageID], [BatchQueuePageTypeID], [BatchQueueID], [BatchQueuePageOrder], [CUser], [CDate], [MUser], [MDate]) VALUES ('cd1ce082-a08c-e011-81e9-005056c00008', '1734db07-de70-e011-9039-8ef3dccb61b6', '90000000-0000-0000-0000-000000000011', '0002', NULL, NULL, NULL, NULL)
INSERT INTO [dbo].[pBatchQueuePage] ([BatchQueuePageID], [BatchQueuePageTypeID], [BatchQueueID], [BatchQueuePageOrder], [CUser], [CDate], [MUser], [MDate]) VALUES ('fc1ce082-a08c-e011-81e9-005056c00008', 'c1c913c0-7d8c-e011-81e9-005056c00009', '90000000-0000-0000-0000-000000000011', '0004', NULL, NULL, NULL, NULL)
INSERT INTO [dbo].[pBatchQueuePage] ([BatchQueuePageID], [BatchQueuePageTypeID], [BatchQueueID], [BatchQueuePageOrder], [CUser], [CDate], [MUser], [MDate]) VALUES ('34fd56fc-449e-e011-a99a-005056c00008', '99a5e4e3-dd70-e011-9039-8ef3dccb61b6', '90000000-0000-0000-0000-000000000013', '0000', NULL, NULL, NULL, NULL)
INSERT INTO [dbo].[pBatchQueuePage] ([BatchQueuePageID], [BatchQueuePageTypeID], [BatchQueueID], [BatchQueuePageOrder], [CUser], [CDate], [MUser], [MDate]) VALUES ('35fd56fc-449e-e011-a99a-005056c00008', 'd0c913c0-7d8c-e011-81e9-005056c00009', '90000000-0000-0000-0000-000000000013', '0001', NULL, NULL, NULL, NULL)
INSERT INTO [dbo].[pBatchQueuePage] ([BatchQueuePageID], [BatchQueuePageTypeID], [BatchQueueID], [BatchQueuePageOrder], [CUser], [CDate], [MUser], [MDate]) VALUES ('36fd56fc-449e-e011-a99a-005056c00008', '44e5e4e3-dd70-e011-9039-8ef3dccb61b5', '90000000-0000-0000-0000-000000000013', '0002', NULL, NULL, NULL, NULL)
INSERT INTO [dbo].[pBatchQueuePage] ([BatchQueuePageID], [BatchQueuePageTypeID], [BatchQueueID], [BatchQueuePageOrder], [CUser], [CDate], [MUser], [MDate]) VALUES ('37fd56fc-449e-e011-a99a-005056c00008', 'e1c913c0-7d8c-e011-81e9-005056c00009', '90000000-0000-0000-0000-000000000013', '0003', NULL, NULL, NULL, NULL)
INSERT INTO [dbo].[pBatchQueuePage] ([BatchQueuePageID], [BatchQueuePageTypeID], [BatchQueueID], [BatchQueuePageOrder], [CUser], [CDate], [MUser], [MDate]) VALUES ('c0c94ff2-b5a1-e011-a99a-005056c00008', '451a337e-9fa1-e011-a99a-005056c00008', '90000000-0000-0000-0000-000000000014', '0000', NULL, NULL, NULL, NULL)
INSERT INTO [dbo].[pBatchQueuePage] ([BatchQueuePageID], [BatchQueuePageTypeID], [BatchQueueID], [BatchQueuePageOrder], [CUser], [CDate], [MUser], [MDate]) VALUES ('a0142b6d-b7a1-e011-a99a-005056c00008', '34e5e4e3-dd70-e011-9039-8ef3dccb61b3', '90000000-0000-0000-0000-000000000014', '0002', NULL, NULL, NULL, NULL)
INSERT INTO [dbo].[pBatchQueuePage] ([BatchQueuePageID], [BatchQueuePageTypeID], [BatchQueueID], [BatchQueuePageOrder], [CUser], [CDate], [MUser], [MDate]) VALUES ('2e25661b-cda1-e011-a99a-005056c00008', '2734db07-de70-e011-9039-8ef3dccb61b6', '90000000-0000-0000-0000-000000000014', '0001', NULL, NULL, NULL, NULL)
INSERT INTO [dbo].[pBatchQueuePage] ([BatchQueuePageID], [BatchQueuePageTypeID], [BatchQueueID], [BatchQueuePageOrder], [CUser], [CDate], [MUser], [MDate]) VALUES ('99e0fb34-76a2-e011-a99a-005056c00008', '3734db07-de70-e011-9039-8ef3dccb61b6', '90000000-0000-0000-0000-000000000014', '0003', NULL, NULL, NULL, NULL)


DELETE FROM  pBatchQueuePageDep WHERE BatchQueuePageDepID IN ( 
	'85b0c133-1a8e-e011-bcec-000ae414f034', 
	'86b0c133-1a8e-e011-bcec-000ae414f034', 
	'87b0c133-1a8e-e011-bcec-000ae414f034', 
	'af651e88-1e8e-e011-bcec-000ae414f034', 
	'221d9cbb-628c-e011-81e9-005056c00008', 
	'0b011939-638c-e011-81e9-005056c00008', 
	'ed223c62-8f93-e011-bf4d-005056c00008', 
	'0b011939-638c-e011-81e9-005056c000a1', 
	'c10dffef-ceba-4d8c-9762-8a5852cff9dc', 
	'836f2522-677a-4196-80b5-c9a3921a158e'
)

INSERT INTO [dbo].[pBatchQueuePageDep] ([BatchQueuePageDepID], [BatchQueuePageID], [BatchQueuePageRelationID]) VALUES ('85b0c133-1a8e-e011-bcec-000ae414f034', 'c051646e-198e-e011-bcec-000ae414f034', 'bf51646e-198e-e011-bcec-000ae414f034')
INSERT INTO [dbo].[pBatchQueuePageDep] ([BatchQueuePageDepID], [BatchQueuePageID], [BatchQueuePageRelationID]) VALUES ('86b0c133-1a8e-e011-bcec-000ae414f034', 'c151646e-198e-e011-bcec-000ae414f034', 'bf51646e-198e-e011-bcec-000ae414f034')
INSERT INTO [dbo].[pBatchQueuePageDep] ([BatchQueuePageDepID], [BatchQueuePageID], [BatchQueuePageRelationID]) VALUES ('87b0c133-1a8e-e011-bcec-000ae414f034', 'c251646e-198e-e011-bcec-000ae414f034', 'bf51646e-198e-e011-bcec-000ae414f034')
INSERT INTO [dbo].[pBatchQueuePageDep] ([BatchQueuePageDepID], [BatchQueuePageID], [BatchQueuePageRelationID]) VALUES ('af651e88-1e8e-e011-bcec-000ae414f034', 'c251646e-198e-e011-bcec-000ae414f034', 'c051646e-198e-e011-bcec-000ae414f034')
INSERT INTO [dbo].[pBatchQueuePageDep] ([BatchQueuePageDepID], [BatchQueuePageID], [BatchQueuePageRelationID]) VALUES ('221d9cbb-628c-e011-81e9-005056c00008', 'd40dc433-588c-e011-81e9-005056c00008', 'fa18188d-af8b-e011-81e9-005056c00008')
INSERT INTO [dbo].[pBatchQueuePageDep] ([BatchQueuePageDepID], [BatchQueuePageID], [BatchQueuePageRelationID]) VALUES ('0b011939-638c-e011-81e9-005056c00008', '7d29e97d-d98b-e011-81e9-005056c00008', '6d29e97d-d98b-e011-81e9-005056c00008')
INSERT INTO [dbo].[pBatchQueuePageDep] ([BatchQueuePageDepID], [BatchQueuePageID], [BatchQueuePageRelationID]) VALUES ('ed223c62-8f93-e011-bf4d-005056c00008', 'd3df4e47-718c-e011-81e9-005056c00008', 'cd7ddba9-708c-e011-81e9-005056c00008')
INSERT INTO [dbo].[pBatchQueuePageDep] ([BatchQueuePageDepID], [BatchQueuePageID], [BatchQueuePageRelationID]) VALUES ('0b011939-638c-e011-81e9-005056c000a1', 'cd1ce082-a08c-e011-81e9-005056c00008', 'cc1ce082-a08c-e011-81e9-005056c00008')
INSERT INTO [dbo].[pBatchQueuePageDep] ([BatchQueuePageDepID], [BatchQueuePageID], [BatchQueuePageRelationID]) VALUES ('c10dffef-ceba-4d8c-9762-8a5852cff9dc', '35fd56fc-449e-e011-a99a-005056c00008', '34fd56fc-449e-e011-a99a-005056c00008')
INSERT INTO [dbo].[pBatchQueuePageDep] ([BatchQueuePageDepID], [BatchQueuePageID], [BatchQueuePageRelationID]) VALUES ('836f2522-677a-4196-80b5-c9a3921a158e', '36fd56fc-449e-e011-a99a-005056c00008', '34fd56fc-449e-e011-a99a-005056c00008')



IF(NOT EXISTS(SELECT * FROM sVersion WHERE LastScriptRun='02032'))
BEGIN
	
	INSERT INTO sVersion(AppName, Version, LastScriptRun, TimeStamp)
	VALUES ('DB_Version', '4.1.0000', '02032', GetDate())

END	  
GO